乘車日,車次代碼,起站,訖站,車號,座位號,座位種類_舊,座位種類_新,No.座位種類_舊,No.座位種類_新,Rand
2018.10.31,138,3300,1210,12,11,301%20-%20%E4%B8%80%E8%88%AC,302%20-%20%E5%93%BA%E4%B9%B3%E5%BA%A7,301,302,0.20984982
2018.10.31,374,4340,3360,1,4,301%20-%20%E4%B8%80%E8%88%AC,305%20-%20H,301,305,0.090366664
2018.10.31,203,7000,1040,2,23,301%20-%20%E4%B8%80%E8%88%AC,310%20-%20%E5%95%86%E5%8B%99,301,310,0.827715912
2018.10.31,426,6000,5230,4,11,301%20-%20%E4%B8%80%E8%88%AC,102%20-%20B,301,103,0.511291865
2018.10.31,141,1100,4400,9,22,301%20-%20%E4%B8%80%E8%88%AC,307%20-%20Z,301,307,0.408616633
2018.10.31,304,5090,4340,5,46,301%20-%20%E4%B8%80%E8%88%AC,102%20-%20B,301,103,0.956869729
2018.10.31,304,6000,4400,2,52,301%20-%20%E4%B8%80%E8%88%AC,303%20-%20%E8%A6%AA%E5%AD%90,301,303,0.241848193
2018.10.31,408,1040,0990,3,13,301%20-%20%E4%B8%80%E8%88%AC,301%20-%20%E4%B8%80%E8%88%AC,301,301,0.611595781
2018.10.31,221,7000,1040,3,24,301%20-%20%E4%B8%80%E8%88%AC,302%20-%20%E5%93%BA%E4%B9%B3%E5%BA%A7,301,302,0.81755603
2018.10.31,129,4080,4400,9,1,301%20-%20%E4%B8%80%E8%88%AC,306%20-%20I,301,306,0.218893872
2018.10.31,167,3360,5050,4,13,301%20-%20%E4%B8%80%E8%88%AC,310%20-%20%E5%95%86%E5%8B%99,301,310,0.736133675
2018.10.31,521,4220,5050,3,44,301%20-%20%E4%B8%80%E8%88%AC,319%20-%20%E9%83%B5%E8%BC%AA%E6%8E%A5%E9%A7%81%E5%BA%A7,301,319,0.082114576
2018.10.31,123,0930,1000,9,47,301%20-%20%E4%B8%80%E8%88%AC,319%20-%20%E9%83%B5%E8%BC%AA%E6%8E%A5%E9%A7%81%E5%BA%A7,301,319,0.377348967
2018.10.31,511,1210,3360,5,52,301%20-%20%E4%B8%80%E8%88%AC,102%20-%20B,301,103,0.521365351
2018.10.31,173,3360,5050,7,7,301%20-%20%E4%B8%80%E8%88%AC,303%20-%20%E8%A6%AA%E5%AD%90,301,303,0.987247101
2018.10.31,111,3300,4400,6,5,301%20-%20%E4%B8%80%E8%88%AC,101%20-%20O,301,101,0.98862821
2018.10.31,412,1040,1000,2,51,301%20-%20%E4%B8%80%E8%88%AC,307%20-%20Z,301,307,0.626488325
2018.10.31,177,7000,3480,5,14,301%20-%20%E4%B8%80%E8%88%AC,302%20-%20%E5%93%BA%E4%B9%B3%E5%BA%A7,301,302,0.696451637
2018.10.31,561,7190,1000,2,19,301%20-%20%E4%B8%80%E8%88%AC,302%20-%20%E5%93%BA%E4%B9%B3%E5%BA%A7,301,302,0.689026642
2018.10.31,252,7000,6220,4,41,301%20-%20%E4%B8%80%E8%88%AC,307%20-%20Z,301,307,0.402908617
2018.10.31,683,7000,7190,4,36,301%20-%20%E4%B8%80%E8%88%AC,319%20-%20%E9%83%B5%E8%BC%AA%E6%8E%A5%E9%A7%81%E5%BA%A7,301,319,0.404046994
2018.10.31,612,1040,7120,2,47,301%20-%20%E4%B8%80%E8%88%AC,302%20-%20%E5%93%BA%E4%B9%B3%E5%BA%A7,301,302,0.283210823
2018.10.31,239,7000,1040,11,29,301%20-%20%E4%B8%80%E8%88%AC,302%20-%20%E5%93%BA%E4%B9%B3%E5%BA%A7,301,302,0.317603197
2018.10.31,116,4400,4220,6,18,301%20-%20%E4%B8%80%E8%88%AC,101%20-%20O,301,101,0.255370587
2018.10.31,432,1040,1000,5,8,301%20-%20%E4%B8%80%E8%88%AC,304%20-%20E,301,304,0.954261489
2018.10.31,306,5230,4340,5,37,301%20-%20%E4%B8%80%E8%88%AC,202%20-%20U,301,202,0.715004644
2018.10.31,271,1000,3300,6,48,301%20-%20%E4%B8%80%E8%88%AC,103%20-%20K,301,201,0.408771504
2018.10.31,754,3480,3360,5,35,301%20-%20%E4%B8%80%E8%88%AC,304%20-%20E,301,304,0.778509936
2018.10.31,141,3360,4340,2,3,301%20-%20%E4%B8%80%E8%88%AC,306%20-%20I,301,306,0.608661206
2018.10.31,402,7000,6000,3,48,301%20-%20%E4%B8%80%E8%88%AC,310%20-%20%E5%95%86%E5%8B%99,301,310,0.731027687
2018.10.31,139,3230,3300,5,3,301%20-%20%E4%B8%80%E8%88%AC,103%20-%20K,301,201,0.527805772
2018.10.31,689,7000,7190,8,36,202%20-%20U,101%20-%20O,202,101,0.871519056
2018.10.31,283,6220,3470,2,46,301%20-%20%E4%B8%80%E8%88%AC,202%20-%20U,301,202,0.917148082
2018.10.31,507,4310,5050,5,2,301%20-%20%E4%B8%80%E8%88%AC,305%20-%20H,301,305,0.402623585
2018.10.31,139,4400,5050,6,7,301%20-%20%E4%B8%80%E8%88%AC,202%20-%20U,301,202,0.346150091
2018.10.31,141,0930,1020,10,36,301%20-%20%E4%B8%80%E8%88%AC,303%20-%20%E8%A6%AA%E5%AD%90,301,303,0.881740393
2018.10.31,121,1000,4080,3,18,301%20-%20%E4%B8%80%E8%88%AC,319%20-%20%E9%83%B5%E8%BC%AA%E6%8E%A5%E9%A7%81%E5%BA%A7,301,319,0.238774888
2018.10.31,783,4340,5120,8,47,202%20-%20U,307%20-%20Z,202,307,0.626414639
2018.10.31,165,4400,5050,2,23,301%20-%20%E4%B8%80%E8%88%AC,307%20-%20Z,301,307,0.66739871
2018.10.31,302,6000,4340,1,37,301%20-%20%E4%B8%80%E8%88%AC,302%20-%20%E5%93%BA%E4%B9%B3%E5%BA%A7,301,302,0.402979185
2018.10.31,556,5050,7000,6,42,301%20-%20%E4%B8%80%E8%88%AC,101%20-%20O,301,101,0.071283364
2018.10.31,507,1020,1210,3,24,301%20-%20%E4%B8%80%E8%88%AC,306%20-%20I,301,306,0.185299801
2018.10.31,134,1000,0900,1,44,301%20-%20%E4%B8%80%E8%88%AC,101%20-%20O,301,101,0.592150014
2018.10.31,225,7000,1020,6,31,301%20-%20%E4%B8%80%E8%88%AC,310%20-%20%E5%95%86%E5%8B%99,301,310,0.36612475
2018.10.31,149,1000,5050,4,2,101%20-%20O,101%20-%20O,101,101,0.447646497
2018.10.31,139,4080,4400,8,40,301%20-%20%E4%B8%80%E8%88%AC,301%20-%20%E4%B8%80%E8%88%AC,301,301,0.556556415
2018.10.31,111,0980,0990,6,45,301%20-%20%E4%B8%80%E8%88%AC,301%20-%20%E4%B8%80%E8%88%AC,301,301,0.099647391
2018.10.31,108,1000,0930,1,39,301%20-%20%E4%B8%80%E8%88%AC,202%20-%20U,301,202,0.286979478
2018.10.31,308,6000,4400,3,40,301%20-%20%E4%B8%80%E8%88%AC,101%20-%20O,301,101,0.492210945
2018.10.31,372,6000,3360,6,35,202%20-%20U,310%20-%20%E5%95%86%E5%8B%99,202,310,0.820753652
2018.10.31,123,1000,3230,1,8,301%20-%20%E4%B8%80%E8%88%AC,306%20-%20I,301,306,0.777901789
2018.10.31,141,4400,5050,6,19,301%20-%20%E4%B8%80%E8%88%AC,307%20-%20Z,301,307,0.633469358
2018.10.31,506,4310,2230,6,28,301%20-%20%E4%B8%80%E8%88%AC,307%20-%20Z,301,307,0.799526707
2018.10.31,320,5050,4340,8,14,301%20-%20%E4%B8%80%E8%88%AC,103%20-%20K,301,201,0.453836872
2018.10.31,155,0930,4080,4,5,301%20-%20%E4%B8%80%E8%88%AC,303%20-%20%E8%A6%AA%E5%AD%90,301,303,0.540827774
2018.10.31,273,7000,1000,2,3,301%20-%20%E4%B8%80%E8%88%AC,306%20-%20I,301,306,0.920041556
2018.10.31,754,5050,4310,6,31,301%20-%20%E4%B8%80%E8%88%AC,305%20-%20H,301,305,0.046763249
2018.10.31,319,4340,5050,4,44,301%20-%20%E4%B8%80%E8%88%AC,302%20-%20%E5%93%BA%E4%B9%B3%E5%BA%A7,301,302,0.996027355
2018.10.31,684,7190,7000,3,29,202%20-%20U,319%20-%20%E9%83%B5%E8%BC%AA%E6%8E%A5%E9%A7%81%E5%BA%A7,202,319,0.203455809
2018.10.31,422,1000,7000,3,46,301%20-%20%E4%B8%80%E8%88%AC,202%20-%20U,301,202,0.433356076
2018.10.31,506,3420,1210,3,15,301%20-%20%E4%B8%80%E8%88%AC,319%20-%20%E9%83%B5%E8%BC%AA%E6%8E%A5%E9%A7%81%E5%BA%A7,301,319,0.750485427
2018.10.31,114,5050,4340,5,40,301%20-%20%E4%B8%80%E8%88%AC,103%20-%20K,301,201,0.713938426
2018.10.31,407,6140,1020,4,24,301%20-%20%E4%B8%80%E8%88%AC,202%20-%20U,301,202,0.355233304
2018.10.31,408,1020,7000,5,4,301%20-%20%E4%B8%80%E8%88%AC,101%20-%20O,301,101,0.554543331
2018.10.31,155,0930,4080,9,30,301%20-%20%E4%B8%80%E8%88%AC,102%20-%20B,301,103,0.899394947
2018.10.31,115,4220,5000,1,42,301%20-%20%E4%B8%80%E8%88%AC,103%20-%20K,301,201,0.04754747
2018.10.31,278,3390,2200,5,7,301%20-%20%E4%B8%80%E8%88%AC,103%20-%20K,301,201,0.917734459
2018.10.31,114,4440,3390,7,9,301%20-%20%E4%B8%80%E8%88%AC,307%20-%20Z,301,307,0.262527089
2018.10.31,102,3160,1080,8,17,301%20-%20%E4%B8%80%E8%88%AC,103%20-%20K,301,201,0.200496008
2018.10.31,513,3470,4340,7,11,301%20-%20%E4%B8%80%E8%88%AC,301%20-%20%E4%B8%80%E8%88%AC,301,301,0.732683403
2018.10.31,410,1040,6000,5,35,202%20-%20U,305%20-%20H,202,305,0.225090371
2018.10.31,175,7000,4400,4,13,301%20-%20%E4%B8%80%E8%88%AC,102%20-%20B,301,103,0.246193654
2018.10.31,307,4340,4440,3,43,301%20-%20%E4%B8%80%E8%88%AC,319%20-%20%E9%83%B5%E8%BC%AA%E6%8E%A5%E9%A7%81%E5%BA%A7,301,319,0.711646657
2018.10.31,207,7000,1000,8,35,301%20-%20%E4%B8%80%E8%88%AC,304%20-%20E,301,304,0.286205865
2018.10.31,136,4400,4080,7,3,301%20-%20%E4%B8%80%E8%88%AC,319%20-%20%E9%83%B5%E8%BC%AA%E6%8E%A5%E9%A7%81%E5%BA%A7,301,319,0.546380052
2018.10.31,561,1000,1210,3,12,301%20-%20%E4%B8%80%E8%88%AC,319%20-%20%E9%83%B5%E8%BC%AA%E6%8E%A5%E9%A7%81%E5%BA%A7,301,319,0.396437071
2018.10.31,134,1000,0900,10,8,301%20-%20%E4%B8%80%E8%88%AC,306%20-%20I,301,306,0.319878364
2018.10.31,754,6000,4400,5,42,301%20-%20%E4%B8%80%E8%88%AC,305%20-%20H,301,305,0.460174018
2018.10.31,316,6000,4400,2,46,301%20-%20%E4%B8%80%E8%88%AC,103%20-%20K,301,201,0.396769402
2018.10.31,236,1040,7000,3,21,202%20-%20U,307%20-%20Z,202,307,0.299474037
2018.10.31,123,3300,5000,7,19,301%20-%20%E4%B8%80%E8%88%AC,310%20-%20%E5%95%86%E5%8B%99,301,310,0.68038008
2018.10.31,74,1040,7000,4,52,202%20-%20U,307%20-%20Z,202,307,0.604136307
2018.10.31,316,7000,6000,9,11,301%20-%20%E4%B8%80%E8%88%AC,303%20-%20%E8%A6%AA%E5%AD%90,301,303,0.88603194
2018.10.31,238,1040,1000,3,45,301%20-%20%E4%B8%80%E8%88%AC,310%20-%20%E5%95%86%E5%8B%99,301,310,0.945883253
2018.10.31,105,1210,4400,8,27,301%20-%20%E4%B8%80%E8%88%AC,310%20-%20%E5%95%86%E5%8B%99,301,310,0.631206114
2018.10.31,71,7000,1040,3,27,301%20-%20%E4%B8%80%E8%88%AC,103%20-%20K,301,201,0.859255131
2018.10.31,168,4220,3360,3,12,301%20-%20%E4%B8%80%E8%88%AC,310%20-%20%E5%95%86%E5%8B%99,301,310,0.757154217
2018.10.31,432,1040,0990,1,20,301%20-%20%E4%B8%80%E8%88%AC,307%20-%20Z,301,307,0.574454844
2018.10.31,218,1000,7000,2,6,301%20-%20%E4%B8%80%E8%88%AC,306%20-%20I,301,306,0.572458875
2018.10.31,511,0930,1080,6,27,301%20-%20%E4%B8%80%E8%88%AC,310%20-%20%E5%95%86%E5%8B%99,301,310,0.769975704
2018.10.31,103,1080,4400,6,18,301%20-%20%E4%B8%80%E8%88%AC,304%20-%20E,301,304,0.348892858
2018.10.31,51,4080,6000,3,16,301%20-%20%E4%B8%80%E8%88%AC,303%20-%20%E8%A6%AA%E5%AD%90,301,303,0.361963083
2018.10.31,278,3390,7000,4,20,202%20-%20U,310%20-%20%E5%95%86%E5%8B%99,202,310,0.507275308
2018.10.31,411,6000,6130,6,27,301%20-%20%E4%B8%80%E8%88%AC,101%20-%20O,301,101,0.728858267
2018.10.31,228,1040,6240,2,13,202%20-%20U,101%20-%20O,202,101,0.400006446
2018.10.31,232,1040,1020,4,14,301%20-%20%E4%B8%80%E8%88%AC,202%20-%20U,301,202,0.914114373
2018.10.31,149,0900,5050,11,22,301%20-%20%E4%B8%80%E8%88%AC,305%20-%20H,301,305,0.094789616
2018.10.31,115,0900,1100,1,10,301%20-%20%E4%B8%80%E8%88%AC,305%20-%20H,301,305,0.234978264
2018.10.31,122,4080,3360,1,1,301%20-%20%E4%B8%80%E8%88%AC,307%20-%20Z,301,307,0.383296298
2018.10.31,521,0930,1100,6,20,301%20-%20%E4%B8%80%E8%88%AC,304%20-%20E,301,304,0.521458197
2018.10.31,175,7000,4400,10,49,301%20-%20%E4%B8%80%E8%88%AC,305%20-%20H,301,305,0.867322233
2018.10.31,561,2250,3470,2,50,301%20-%20%E4%B8%80%E8%88%AC,304%20-%20E,301,304,0.529648345
2018.10.31,170,4080,7000,3,39,301%20-%20%E4%B8%80%E8%88%AC,302%20-%20%E5%93%BA%E4%B9%B3%E5%BA%A7,301,302,0.393935142
2018.10.31,170,4080,7000,1,32,301%20-%20%E4%B8%80%E8%88%AC,301%20-%20%E4%B8%80%E8%88%AC,301,301,0.79602767
2018.10.31,122,3300,1000,7,51,301%20-%20%E4%B8%80%E8%88%AC,304%20-%20E,301,304,0.898256692
2018.10.31,408,1040,6000,3,20,202%20-%20U,319%20-%20%E9%83%B5%E8%BC%AA%E6%8E%A5%E9%A7%81%E5%BA%A7,202,319,0.176769667
2018.10.31,751,3360,4080,2,46,301%20-%20%E4%B8%80%E8%88%AC,305%20-%20H,301,305,0.269804084
2018.10.31,232,1000,7000,8,22,301%20-%20%E4%B8%80%E8%88%AC,304%20-%20E,301,304,0.821920863
2018.10.31,431,0990,1040,4,21,301%20-%20%E4%B8%80%E8%88%AC,319%20-%20%E9%83%B5%E8%BC%AA%E6%8E%A5%E9%A7%81%E5%BA%A7,301,319,0.345912981
2018.10.31,511,0930,5050,3,45,202%20-%20U,307%20-%20Z,202,307,0.643908783
2018.10.31,522,1000,0930,8,34,301%20-%20%E4%B8%80%E8%88%AC,302%20-%20%E5%93%BA%E4%B9%B3%E5%BA%A7,301,302,0.803812641
2018.10.31,135,1210,4220,3,34,301%20-%20%E4%B8%80%E8%88%AC,301%20-%20%E4%B8%80%E8%88%AC,301,301,0.167709209
2018.10.31,130,3360,0900,2,13,103%20-%20K,307%20-%20Z,201,307,0.923966669
2018.10.31,105,0900,1040,9,20,301%20-%20%E4%B8%80%E8%88%AC,103%20-%20K,301,201,0.609461584
2018.10.31,417,6000,1000,1,16,301%20-%20%E4%B8%80%E8%88%AC,301%20-%20%E4%B8%80%E8%88%AC,301,301,0.576731093
2018.10.31,445,1000,1040,2,15,301%20-%20%E4%B8%80%E8%88%AC,103%20-%20K,301,201,0.282520825
2018.10.31,115,3300,5000,7,21,301%20-%20%E4%B8%80%E8%88%AC,302%20-%20%E5%93%BA%E4%B9%B3%E5%BA%A7,301,302,0.476746863
2018.10.31,114,1080,0930,8,18,301%20-%20%E4%B8%80%E8%88%AC,306%20-%20I,301,306,0.464906842
2018.10.31,142,1100,0930,9,23,301%20-%20%E4%B8%80%E8%88%AC,102%20-%20B,301,103,0.926605299
2018.10.31,285,7000,1000,7,11,301%20-%20%E4%B8%80%E8%88%AC,310%20-%20%E5%95%86%E5%8B%99,301,310,0.07886901
2018.10.31,115,0900,1020,5,15,301%20-%20%E4%B8%80%E8%88%AC,302%20-%20%E5%93%BA%E4%B9%B3%E5%BA%A7,301,302,0.64671074
2018.10.31,561,7000,1020,7,47,301%20-%20%E4%B8%80%E8%88%AC,305%20-%20H,301,305,0.151292613
2018.10.31,251,7000,1040,6,10,202%20-%20U,302%20-%20%E5%93%BA%E4%B9%B3%E5%BA%A7,202,302,0.813003843
2018.10.31,211,7000,1040,8,35,301%20-%20%E4%B8%80%E8%88%AC,319%20-%20%E9%83%B5%E8%BC%AA%E6%8E%A5%E9%A7%81%E5%BA%A7,301,319,0.134802876
2018.10.31,114,5050,4400,6,51,301%20-%20%E4%B8%80%E8%88%AC,302%20-%20%E5%93%BA%E4%B9%B3%E5%BA%A7,301,302,0.693720975
2018.10.31,232,1000,7000,8,26,301%20-%20%E4%B8%80%E8%88%AC,102%20-%20B,301,103,0.09238783
2018.10.31,207,7000,1020,3,16,301%20-%20%E4%B8%80%E8%88%AC,302%20-%20%E5%93%BA%E4%B9%B3%E5%BA%A7,301,302,0.533457996
2018.10.31,288,1100,7000,7,8,301%20-%20%E4%B8%80%E8%88%AC,101%20-%20O,301,101,0.00610717
2018.10.31,511,4220,5050,2,19,301%20-%20%E4%B8%80%E8%88%AC,319%20-%20%E9%83%B5%E8%BC%AA%E6%8E%A5%E9%A7%81%E5%BA%A7,301,319,0.704956597
2018.10.31,246,1000,7000,6,9,301%20-%20%E4%B8%80%E8%88%AC,103%20-%20K,301,201,0.156135751
2018.10.31,754,4220,3360,3,37,301%20-%20%E4%B8%80%E8%88%AC,304%20-%20E,301,304,0.948792458
2018.10.31,406,1000,6000,2,51,101%20-%20O,202%20-%20U,101,202,0.005474378
2018.10.31,425,7000,7160,3,4,301%20-%20%E4%B8%80%E8%88%AC,307%20-%20Z,301,307,0.907020656
2018.10.31,506,1070,0930,5,10,301%20-%20%E4%B8%80%E8%88%AC,304%20-%20E,301,304,0.867597382
2018.10.31,138,1080,0930,9,47,301%20-%20%E4%B8%80%E8%88%AC,302%20-%20%E5%93%BA%E4%B9%B3%E5%BA%A7,301,302,0.856267257
2018.10.31,170,4080,7000,7,25,301%20-%20%E4%B8%80%E8%88%AC,307%20-%20Z,301,307,0.012395918
2018.10.31,247,1000,1040,7,52,301%20-%20%E4%B8%80%E8%88%AC,102%20-%20B,301,103,0.424587355
2018.10.31,212,1040,7000,6,25,301%20-%20%E4%B8%80%E8%88%AC,302%20-%20%E5%93%BA%E4%B9%B3%E5%BA%A7,301,302,0.00335422
2018.10.31,144,4170,3360,8,38,301%20-%20%E4%B8%80%E8%88%AC,305%20-%20H,301,305,0.891654098
2018.10.31,272,7290,7160,1,2,301%20-%20%E4%B8%80%E8%88%AC,101%20-%20O,301,101,0.256661002
2018.10.31,401,6000,1040,2,21,202%20-%20U,306%20-%20I,202,306,0.993324787
2018.10.31,422,6110,6000,3,5,301%20-%20%E4%B8%80%E8%88%AC,102%20-%20B,301,103,0.325334304
2018.10.31,422,1040,6000,5,38,307%20-%20Z,303%20-%20%E8%A6%AA%E5%AD%90,307,303,0.38687784
2018.10.31,417,6000,1000,4,9,301%20-%20%E4%B8%80%E8%88%AC,303%20-%20%E8%A6%AA%E5%AD%90,301,303,0.484167401
2018.10.31,422,1000,6000,3,43,301%20-%20%E4%B8%80%E8%88%AC,302%20-%20%E5%93%BA%E4%B9%B3%E5%BA%A7,301,302,0.124819462
2018.10.31,605,7030,7360,1,17,301%20-%20%E4%B8%80%E8%88%AC,302%20-%20%E5%93%BA%E4%B9%B3%E5%BA%A7,301,302,0.886411581
2018.10.31,307,5000,6250,1,14,301%20-%20%E4%B8%80%E8%88%AC,301%20-%20%E4%B8%80%E8%88%AC,301,301,0.781081129
2018.10.31,147,1020,1210,3,9,301%20-%20%E4%B8%80%E8%88%AC,202%20-%20U,301,202,0.688785906
2018.10.31,513,0930,5050,2,42,103%20-%20K,303%20-%20%E8%A6%AA%E5%AD%90,201,303,0.477452807
2018.10.31,139,1020,1210,6,34,301%20-%20%E4%B8%80%E8%88%AC,319%20-%20%E9%83%B5%E8%BC%AA%E6%8E%A5%E9%A7%81%E5%BA%A7,301,319,0.073882687
2018.10.31,374,6000,4340,5,8,301%20-%20%E4%B8%80%E8%88%AC,303%20-%20%E8%A6%AA%E5%AD%90,301,303,0.44256637
2018.10.31,134,3230,1020,7,13,301%20-%20%E4%B8%80%E8%88%AC,305%20-%20H,301,305,0.292598607
2018.10.31,156,4340,4080,8,38,301%20-%20%E4%B8%80%E8%88%AC,319%20-%20%E9%83%B5%E8%BC%AA%E6%8E%A5%E9%A7%81%E5%BA%A7,301,319,0.533139277
2018.10.31,156,5000,4220,3,14,301%20-%20%E4%B8%80%E8%88%AC,301%20-%20%E4%B8%80%E8%88%AC,301,301,0.869718206
2018.10.31,653,2170,3360,1,27,301%20-%20%E4%B8%80%E8%88%AC,310%20-%20%E5%95%86%E5%8B%99,301,310,0.768187751
2018.10.31,425,7190,1020,5,14,301%20-%20%E4%B8%80%E8%88%AC,302%20-%20%E5%93%BA%E4%B9%B3%E5%BA%A7,301,302,0.619976511
2018.10.31,612,1040,7120,6,47,301%20-%20%E4%B8%80%E8%88%AC,103%20-%20K,301,201,0.977837257
2018.10.31,633,7000,1040,3,30,301%20-%20%E4%B8%80%E8%88%AC,306%20-%20I,301,306,0.034998805
2018.10.31,317,6080,7000,8,19,301%20-%20%E4%B8%80%E8%88%AC,304%20-%20E,301,304,0.926481821
2018.10.31,113,1210,4120,4,6,301%20-%20%E4%B8%80%E8%88%AC,101%20-%20O,301,101,0.079787839
2018.10.31,513,4220,5050,5,36,301%20-%20%E4%B8%80%E8%88%AC,102%20-%20B,301,103,0.126515888
2018.10.31,101,4220,4400,9,3,301%20-%20%E4%B8%80%E8%88%AC,101%20-%20O,301,101,0.513618449
2018.10.31,108,5050,4220,9,7,301%20-%20%E4%B8%80%E8%88%AC,301%20-%20%E4%B8%80%E8%88%AC,301,301,0.871525228
2018.10.31,173,3360,5050,1,5,301%20-%20%E4%B8%80%E8%88%AC,306%20-%20I,301,306,0.032968444
2018.10.31,421,6000,1040,8,7,304%20-%20E,306%20-%20I,304,306,0.83925658
2018.10.31,703,4340,6000,5,22,301%20-%20%E4%B8%80%E8%88%AC,306%20-%20I,301,306,0.400431061
2018.10.31,150,4400,1000,2,40,301%20-%20%E4%B8%80%E8%88%AC,103%20-%20K,301,201,0.445673221
2018.10.31,155,0930,4080,10,24,301%20-%20%E4%B8%80%E8%88%AC,305%20-%20H,301,305,0.899046987
2018.10.31,239,7160,1040,6,40,301%20-%20%E4%B8%80%E8%88%AC,202%20-%20U,301,202,0.240263344
2018.10.31,152,5000,0930,2,4,202%20-%20U,306%20-%20I,202,306,0.582255038
2018.10.31,176,4400,7360,4,36,301%20-%20%E4%B8%80%E8%88%AC,102%20-%20B,301,103,0.57908484
2018.10.31,113,3300,4080,9,45,301%20-%20%E4%B8%80%E8%88%AC,101%20-%20O,301,101,0.478749177
2018.10.31,111,4400,5050,1,11,301%20-%20%E4%B8%80%E8%88%AC,303%20-%20%E8%A6%AA%E5%AD%90,301,303,0.690154597
2018.10.31,123,0930,1000,8,43,301%20-%20%E4%B8%80%E8%88%AC,301%20-%20%E4%B8%80%E8%88%AC,301,301,0.319476653
2018.10.31,229,7000,1000,2,8,301%20-%20%E4%B8%80%E8%88%AC,306%20-%20I,301,306,0.276678257
2018.10.31,307,4340,4400,7,40,301%20-%20%E4%B8%80%E8%88%AC,307%20-%20Z,301,307,0.166522796
2018.10.31,125,3160,4340,8,20,301%20-%20%E4%B8%80%E8%88%AC,304%20-%20E,301,304,0.622146997
2018.10.31,511,4400,5050,1,28,301%20-%20%E4%B8%80%E8%88%AC,102%20-%20B,301,103,0.615404211
2018.10.31,319,4340,5050,4,36,301%20-%20%E4%B8%80%E8%88%AC,307%20-%20Z,301,307,0.906190731
2018.10.31,113,3300,4400,5,2,301%20-%20%E4%B8%80%E8%88%AC,305%20-%20H,301,305,0.366680156
2018.10.31,301,4220,7000,2,36,301%20-%20%E4%B8%80%E8%88%AC,101%20-%20O,301,101,0.706664324
2018.10.31,272,1000,7190,1,5,301%20-%20%E4%B8%80%E8%88%AC,307%20-%20Z,301,307,0.902794179
2018.10.31,122,1080,0900,4,15,301%20-%20%E4%B8%80%E8%88%AC,103%20-%20K,301,201,0.845215663
2018.10.31,340,7000,6000,9,34,301%20-%20%E4%B8%80%E8%88%AC,306%20-%20I,301,306,0.826580158
2018.10.31,230,1040,7000,2,51,202%20-%20U,202%20-%20U,202,202,0.632313827
2018.10.31,633,7000,1040,5,24,202%20-%20U,303%20-%20%E8%A6%AA%E5%AD%90,202,303,0.827828972
2018.10.31,319,4340,5050,9,38,202%20-%20U,101%20-%20O,202,101,0.213714598
2018.10.31,303,6000,7000,7,44,301%20-%20%E4%B8%80%E8%88%AC,101%20-%20O,301,101,0.616930701
2018.10.31,138,4220,3470,11,37,301%20-%20%E4%B8%80%E8%88%AC,301%20-%20%E4%B8%80%E8%88%AC,301,301,0.801458651
2018.10.31,642,7190,6110,1,19,301%20-%20%E4%B8%80%E8%88%AC,307%20-%20Z,301,307,0.248315247
2018.10.31,372,6000,4400,4,5,301%20-%20%E4%B8%80%E8%88%AC,305%20-%20H,301,305,0.717881209
2018.10.31,410,1040,1000,1,8,301%20-%20%E4%B8%80%E8%88%AC,306%20-%20I,301,306,0.119474994
2018.10.31,121,4220,4400,2,50,301%20-%20%E4%B8%80%E8%88%AC,101%20-%20O,301,101,0.042663866
2018.10.31,438,1040,1020,8,25,301%20-%20%E4%B8%80%E8%88%AC,202%20-%20U,301,202,0.629066748
2018.10.31,561,2220,2230,8,9,301%20-%20%E4%B8%80%E8%88%AC,304%20-%20E,301,304,0.205097386
2018.10.31,125,1210,4440,5,27,301%20-%20%E4%B8%80%E8%88%AC,319%20-%20%E9%83%B5%E8%BC%AA%E6%8E%A5%E9%A7%81%E5%BA%A7,301,319,0.591532574
2018.10.31,181,7000,5050,10,35,301%20-%20%E4%B8%80%E8%88%AC,301%20-%20%E4%B8%80%E8%88%AC,301,301,0.700815186
2018.10.31,417,5230,1040,4,17,202%20-%20U,103%20-%20K,202,201,0.694001795
2018.10.31,308,4400,4340,4,12,301%20-%20%E4%B8%80%E8%88%AC,319%20-%20%E9%83%B5%E8%BC%AA%E6%8E%A5%E9%A7%81%E5%BA%A7,301,319,0.578492804
2018.10.31,146,2180,1000,2,51,301%20-%20%E4%B8%80%E8%88%AC,306%20-%20I,301,306,0.761564875
2018.10.31,134,1020,0900,10,4,301%20-%20%E4%B8%80%E8%88%AC,310%20-%20%E5%95%86%E5%8B%99,301,310,0.759379805
2018.10.31,203,1000,1040,7,44,301%20-%20%E4%B8%80%E8%88%AC,301%20-%20%E4%B8%80%E8%88%AC,301,301,0.909249614
2018.10.31,138,3300,1020,10,1,301%20-%20%E4%B8%80%E8%88%AC,202%20-%20U,301,202,0.744426491
2018.10.31,101,3300,4400,11,25,301%20-%20%E4%B8%80%E8%88%AC,103%20-%20K,301,201,0.403734535
2018.10.31,110,3300,0980,1,20,301%20-%20%E4%B8%80%E8%88%AC,307%20-%20Z,301,307,0.556523756
2018.10.31,272,7230,7000,9,11,301%20-%20%E4%B8%80%E8%88%AC,202%20-%20U,301,202,0.062304621
2018.10.31,304,5000,4340,2,7,301%20-%20%E4%B8%80%E8%88%AC,310%20-%20%E5%95%86%E5%8B%99,301,310,0.461654852
2018.10.31,303,4340,6000,4,11,301%20-%20%E4%B8%80%E8%88%AC,101%20-%20O,301,101,0.57088167
2018.10.31,145,4220,5050,7,9,301%20-%20%E4%B8%80%E8%88%AC,202%20-%20U,301,202,0.223893447
2018.10.31,751,3360,4120,5,31,301%20-%20%E4%B8%80%E8%88%AC,102%20-%20B,301,103,0.234068131
2018.10.31,271,3300,3360,6,1,301%20-%20%E4%B8%80%E8%88%AC,303%20-%20%E8%A6%AA%E5%AD%90,301,303,0.141734371
2018.10.31,225,7000,1000,4,23,301%20-%20%E4%B8%80%E8%88%AC,307%20-%20Z,301,307,0.706840085
2018.10.31,181,7000,5050,8,10,301%20-%20%E4%B8%80%E8%88%AC,303%20-%20%E8%A6%AA%E5%AD%90,301,303,0.214504418
2018.10.31,252,7190,6220,5,17,301%20-%20%E4%B8%80%E8%88%AC,202%20-%20U,301,202,0.236915202
2018.10.31,272,1000,7290,11,5,301%20-%20%E4%B8%80%E8%88%AC,101%20-%20O,301,101,0.019303519
2018.10.31,116,4400,0930,8,4,304%20-%20E,303%20-%20%E8%A6%AA%E5%AD%90,304,303,0.916860496
2018.10.31,633,7190,1000,4,1,301%20-%20%E4%B8%80%E8%88%AC,306%20-%20I,301,306,0.8467594
2018.10.31,513,3390,4190,6,10,301%20-%20%E4%B8%80%E8%88%AC,303%20-%20%E8%A6%AA%E5%AD%90,301,303,0.559363549
2018.10.31,511,2230,4220,7,30,301%20-%20%E4%B8%80%E8%88%AC,305%20-%20H,301,305,0.652409025
2018.10.31,122,4340,3360,11,36,301%20-%20%E4%B8%80%E8%88%AC,302%20-%20%E5%93%BA%E4%B9%B3%E5%BA%A7,301,302,0.238483769
2018.10.31,142,3230,1020,11,27,301%20-%20%E4%B8%80%E8%88%AC,302%20-%20%E5%93%BA%E4%B9%B3%E5%BA%A7,301,302,0.348626614
2018.10.31,410,1000,7000,2,48,301%20-%20%E4%B8%80%E8%88%AC,307%20-%20Z,301,307,0.988430189
2018.10.31,138,1000,0930,4,50,301%20-%20%E4%B8%80%E8%88%AC,101%20-%20O,301,101,0.420102653
2018.10.31,689,7000,7190,2,10,301%20-%20%E4%B8%80%E8%88%AC,301%20-%20%E4%B8%80%E8%88%AC,301,301,0.378411495
2018.10.31,105,1080,4400,11,29,301%20-%20%E4%B8%80%E8%88%AC,102%20-%20B,301,103,0.27233843
2018.10.31,252,1040,7000,3,26,301%20-%20%E4%B8%80%E8%88%AC,304%20-%20E,301,304,0.33952287
2018.10.31,170,4080,7000,9,20,301%20-%20%E4%B8%80%E8%88%AC,305%20-%20H,301,305,0.069750914
2018.10.31,156,4120,3360,12,8,301%20-%20%E4%B8%80%E8%88%AC,319%20-%20%E9%83%B5%E8%BC%AA%E6%8E%A5%E9%A7%81%E5%BA%A7,301,319,0.573818227
2018.10.31,278,1210,7000,1,20,301%20-%20%E4%B8%80%E8%88%AC,101%20-%20O,301,101,0.852870213
2018.10.31,408,1040,6000,3,32,202%20-%20U,301%20-%20%E4%B8%80%E8%88%AC,202,301,0.422966845
2018.10.31,282,3360,3300,4,46,301%20-%20%E4%B8%80%E8%88%AC,304%20-%20E,301,304,0.040139258
2018.10.31,524,5050,0930,8,22,301%20-%20%E4%B8%80%E8%88%AC,319%20-%20%E9%83%B5%E8%BC%AA%E6%8E%A5%E9%A7%81%E5%BA%A7,301,319,0.093898226
2018.10.31,510,5050,4460,5,16,301%20-%20%E4%B8%80%E8%88%AC,302%20-%20%E5%93%BA%E4%B9%B3%E5%BA%A7,301,302,0.281593105
2018.10.31,511,0930,1000,8,40,301%20-%20%E4%B8%80%E8%88%AC,301%20-%20%E4%B8%80%E8%88%AC,301,301,0.148510529
2018.10.31,110,1020,0980,1,36,301%20-%20%E4%B8%80%E8%88%AC,307%20-%20Z,301,307,0.828078429
2018.10.31,223,7230,1000,8,36,301%20-%20%E4%B8%80%E8%88%AC,202%20-%20U,301,202,0.062287708
2018.10.31,135,4120,4400,1,3,301%20-%20%E4%B8%80%E8%88%AC,305%20-%20H,301,305,0.26932585
2018.10.31,108,3470,1000,7,24,301%20-%20%E4%B8%80%E8%88%AC,102%20-%20B,301,103,0.309475733
2018.10.31,642,1040,0990,1,25,301%20-%20%E4%B8%80%E8%88%AC,304%20-%20E,301,304,0.636473615
2018.10.31,236,1000,7000,9,34,301%20-%20%E4%B8%80%E8%88%AC,305%20-%20H,301,305,0.349509088
2018.10.31,112,5050,4400,6,9,301%20-%20%E4%B8%80%E8%88%AC,202%20-%20U,301,202,0.306030053
2018.10.31,150,3470,1000,7,46,301%20-%20%E4%B8%80%E8%88%AC,310%20-%20%E5%95%86%E5%8B%99,301,310,0.606189533
2018.10.31,223,7000,1000,1,18,301%20-%20%E4%B8%80%E8%88%AC,306%20-%20I,301,306,0.162839016
2018.10.31,320,5050,4340,1,6,301%20-%20%E4%B8%80%E8%88%AC,304%20-%20E,301,304,0.780423875
2018.10.31,513,4080,4400,4,18,301%20-%20%E4%B8%80%E8%88%AC,304%20-%20E,301,304,0.224961952
2018.10.31,141,3300,4400,10,5,301%20-%20%E4%B8%80%E8%88%AC,306%20-%20I,301,306,0.969628505
2018.10.31,115,4220,5000,6,33,301%20-%20%E4%B8%80%E8%88%AC,103%20-%20K,301,201,0.020751496
2018.10.31,511,3470,4400,1,43,301%20-%20%E4%B8%80%E8%88%AC,319%20-%20%E9%83%B5%E8%BC%AA%E6%8E%A5%E9%A7%81%E5%BA%A7,301,319,0.813279295
2018.10.31,121,1020,4220,3,22,301%20-%20%E4%B8%80%E8%88%AC,302%20-%20%E5%93%BA%E4%B9%B3%E5%BA%A7,301,302,0.953940967
2018.10.31,207,7000,1000,5,43,301%20-%20%E4%B8%80%E8%88%AC,303%20-%20%E8%A6%AA%E5%AD%90,301,303,0.526020609
2018.10.31,412,1040,1020,6,6,301%20-%20%E4%B8%80%E8%88%AC,306%20-%20I,301,306,0.153206642
2018.10.31,51,6000,7000,2,17,301%20-%20%E4%B8%80%E8%88%AC,319%20-%20%E9%83%B5%E8%BC%AA%E6%8E%A5%E9%A7%81%E5%BA%A7,301,319,0.334309558
2018.10.31,422,1040,1000,4,20,301%20-%20%E4%B8%80%E8%88%AC,319%20-%20%E9%83%B5%E8%BC%AA%E6%8E%A5%E9%A7%81%E5%BA%A7,301,319,0.200725443
2018.10.31,113,1000,4400,5,34,301%20-%20%E4%B8%80%E8%88%AC,305%20-%20H,301,305,0.60793035
2018.10.31,121,4080,4400,8,25,301%20-%20%E4%B8%80%E8%88%AC,302%20-%20%E5%93%BA%E4%B9%B3%E5%BA%A7,301,302,0.380816881
2018.10.31,273,7000,1000,5,5,301%20-%20%E4%B8%80%E8%88%AC,319%20-%20%E9%83%B5%E8%BC%AA%E6%8E%A5%E9%A7%81%E5%BA%A7,301,319,0.801952677
2018.10.31,252,1000,7000,2,3,301%20-%20%E4%B8%80%E8%88%AC,303%20-%20%E8%A6%AA%E5%AD%90,301,303,0.424369327
2018.10.31,102,3470,0930,10,24,301%20-%20%E4%B8%80%E8%88%AC,101%20-%20O,301,101,0.826958663
2018.10.31,211,7000,1040,4,32,301%20-%20%E4%B8%80%E8%88%AC,306%20-%20I,301,306,0.155123452
2018.10.31,170,4080,7000,1,13,301%20-%20%E4%B8%80%E8%88%AC,202%20-%20U,301,202,0.98713632
2018.10.31,246,1040,7000,6,26,202%20-%20U,305%20-%20H,202,305,0.201163674
2018.10.31,506,5050,0930,3,49,202%20-%20U,304%20-%20E,202,304,0.010583829
2018.10.31,239,7000,1040,8,2,305%20-%20H,310%20-%20%E5%95%86%E5%8B%99,305,310,0.879915969
2018.10.31,522,3390,1210,8,51,301%20-%20%E4%B8%80%E8%88%AC,306%20-%20I,301,306,0.747417744
2018.10.31,218,1020,7190,1,9,301%20-%20%E4%B8%80%E8%88%AC,306%20-%20I,301,306,0.889843268
2018.10.31,302,4400,4340,7,44,301%20-%20%E4%B8%80%E8%88%AC,101%20-%20O,301,101,0.818059997
2018.10.31,74,1040,7000,4,2,202%20-%20U,102%20-%20B,202,103,0.430749811
2018.10.31,272,1250,7000,11,31,301%20-%20%E4%B8%80%E8%88%AC,102%20-%20B,301,103,0.561922666
2018.10.31,125,0930,1210,9,38,301%20-%20%E4%B8%80%E8%88%AC,319%20-%20%E9%83%B5%E8%BC%AA%E6%8E%A5%E9%A7%81%E5%BA%A7,301,319,0.332886951
2018.10.31,511,3360,3390,2,7,301%20-%20%E4%B8%80%E8%88%AC,103%20-%20K,301,201,0.128120614
2018.10.31,426,6000,5230,5,15,301%20-%20%E4%B8%80%E8%88%AC,310%20-%20%E5%95%86%E5%8B%99,301,310,0.762041276
2018.10.31,271,3300,3360,4,9,301%20-%20%E4%B8%80%E8%88%AC,310%20-%20%E5%95%86%E5%8B%99,301,310,0.223606564
2018.10.31,402,6110,5230,2,38,301%20-%20%E4%B8%80%E8%88%AC,305%20-%20H,301,305,0.389668572
2018.10.31,134,3230,1000,8,34,301%20-%20%E4%B8%80%E8%88%AC,305%20-%20H,301,305,0.558102267
2018.10.31,116,1020,0930,10,46,301%20-%20%E4%B8%80%E8%88%AC,303%20-%20%E8%A6%AA%E5%AD%90,301,303,0.519224295
2018.10.31,144,4400,4220,5,51,301%20-%20%E4%B8%80%E8%88%AC,310%20-%20%E5%95%86%E5%8B%99,301,310,0.062060299
2018.10.31,217,7000,1000,2,16,301%20-%20%E4%B8%80%E8%88%AC,303%20-%20%E8%A6%AA%E5%AD%90,301,303,0.285974376
2018.10.31,562,5050,7000,6,40,301%20-%20%E4%B8%80%E8%88%AC,301%20-%20%E4%B8%80%E8%88%AC,301,301,0.689694373
2018.10.31,146,1000,0930,1,20,301%20-%20%E4%B8%80%E8%88%AC,103%20-%20K,301,201,0.196687114
2018.10.31,642,7090,7000,1,16,301%20-%20%E4%B8%80%E8%88%AC,319%20-%20%E9%83%B5%E8%BC%AA%E6%8E%A5%E9%A7%81%E5%BA%A7,301,319,0.314188839
2018.10.31,313,4340,6000,3,32,202%20-%20U,304%20-%20E,202,304,0.109472584
2018.10.31,102,1000,0930,8,48,301%20-%20%E4%B8%80%E8%88%AC,303%20-%20%E8%A6%AA%E5%AD%90,301,303,0.458571571
2018.10.31,181,7000,1000,4,51,301%20-%20%E4%B8%80%E8%88%AC,305%20-%20H,301,305,0.541955812
2018.10.31,308,4400,4340,3,37,301%20-%20%E4%B8%80%E8%88%AC,306%20-%20I,301,306,0.140493576
2018.10.31,402,6000,5230,2,46,301%20-%20%E4%B8%80%E8%88%AC,302%20-%20%E5%93%BA%E4%B9%B3%E5%BA%A7,301,302,0.992611222
2018.10.31,333,4340,6000,8,42,301%20-%20%E4%B8%80%E8%88%AC,302%20-%20%E5%93%BA%E4%B9%B3%E5%BA%A7,301,302,0.044559433
2018.10.31,247,7000,1000,7,5,301%20-%20%E4%B8%80%E8%88%AC,305%20-%20H,301,305,0.8949768
2018.10.31,432,7000,6110,8,33,301%20-%20%E4%B8%80%E8%88%AC,202%20-%20U,301,202,0.138663314
2018.10.31,684,7190,7000,5,12,301%20-%20%E4%B8%80%E8%88%AC,307%20-%20Z,301,307,0.063856042
2018.10.31,513,0930,1100,4,29,301%20-%20%E4%B8%80%E8%88%AC,301%20-%20%E4%B8%80%E8%88%AC,301,301,0.809798846
2018.10.31,230,1040,7000,1,27,301%20-%20%E4%B8%80%E8%88%AC,302%20-%20%E5%93%BA%E4%B9%B3%E5%BA%A7,301,302,0.88061286
2018.10.31,402,1040,1000,6,41,301%20-%20%E4%B8%80%E8%88%AC,302%20-%20%E5%93%BA%E4%B9%B3%E5%BA%A7,301,302,0.235563453
2018.10.31,139,0930,1100,9,50,301%20-%20%E4%B8%80%E8%88%AC,102%20-%20B,301,103,0.434550678
2018.10.31,110,5050,4220,1,26,301%20-%20%E4%B8%80%E8%88%AC,304%20-%20E,301,304,0.449922648
2018.10.31,112,5050,0900,2,48,202%20-%20U,301%20-%20%E4%B8%80%E8%88%AC,202,301,0.981841761
2018.10.31,421,6000,1040,3,27,301%20-%20%E4%B8%80%E8%88%AC,302%20-%20%E5%93%BA%E4%B9%B3%E5%BA%A7,301,302,0.021456148
2018.10.31,522,5050,5000,2,12,301%20-%20%E4%B8%80%E8%88%AC,202%20-%20U,301,202,0.592609981
2018.10.31,211,7000,1040,6,10,301%20-%20%E4%B8%80%E8%88%AC,319%20-%20%E9%83%B5%E8%BC%AA%E6%8E%A5%E9%A7%81%E5%BA%A7,301,319,0.856399667
2018.10.31,125,1080,3360,4,31,301%20-%20%E4%B8%80%E8%88%AC,301%20-%20%E4%B8%80%E8%88%AC,301,301,0.395533516
2018.10.31,212,1040,1020,12,11,301%20-%20%E4%B8%80%E8%88%AC,319%20-%20%E9%83%B5%E8%BC%AA%E6%8E%A5%E9%A7%81%E5%BA%A7,301,319,0.318956594
2018.10.31,135,1250,3300,1,50,301%20-%20%E4%B8%80%E8%88%AC,310%20-%20%E5%95%86%E5%8B%99,301,310,0.540172476
2018.10.31,254,1040,7000,5,11,301%20-%20%E4%B8%80%E8%88%AC,103%20-%20K,301,201,0.492703532
2018.10.31,150,5000,4310,11,45,301%20-%20%E4%B8%80%E8%88%AC,304%20-%20E,301,304,0.691710506
2018.10.31,350,7000,6000,2,26,301%20-%20%E4%B8%80%E8%88%AC,310%20-%20%E5%95%86%E5%8B%99,301,310,0.296258536
2018.10.31,139,1000,3160,7,1,301%20-%20%E4%B8%80%E8%88%AC,304%20-%20E,301,304,0.539610805
2018.10.31,308,7000,4400,7,19,301%20-%20%E4%B8%80%E8%88%AC,310%20-%20%E5%95%86%E5%8B%99,301,310,0.80287789
2018.10.31,754,4440,4080,8,44,301%20-%20%E4%B8%80%E8%88%AC,103%20-%20K,301,201,0.779238105
2018.10.31,207,1000,1040,4,7,301%20-%20%E4%B8%80%E8%88%AC,301%20-%20%E4%B8%80%E8%88%AC,301,301,0.939690014
2018.10.31,304,5120,4400,6,5,301%20-%20%E4%B8%80%E8%88%AC,103%20-%20K,301,201,0.675701488
2018.10.31,118,5050,0930,6,22,301%20-%20%E4%B8%80%E8%88%AC,307%20-%20Z,301,307,0.745370832
2018.10.31,271,1000,1210,2,50,301%20-%20%E4%B8%80%E8%88%AC,101%20-%20O,301,101,0.887886008
2018.10.31,212,1040,1020,4,50,301%20-%20%E4%B8%80%E8%88%AC,303%20-%20%E8%A6%AA%E5%AD%90,301,303,0.501405648
2018.10.31,170,4080,7000,11,18,301%20-%20%E4%B8%80%E8%88%AC,306%20-%20I,301,306,0.115971808
2018.10.31,232,7190,7000,6,47,301%20-%20%E4%B8%80%E8%88%AC,202%20-%20U,301,202,0.450749399
2018.10.31,252,1040,6220,1,2,304%20-%20E,302%20-%20%E5%93%BA%E4%B9%B3%E5%BA%A7,304,302,0.19553088
2018.10.31,223,7000,1000,3,20,301%20-%20%E4%B8%80%E8%88%AC,319%20-%20%E9%83%B5%E8%BC%AA%E6%8E%A5%E9%A7%81%E5%BA%A7,301,319,0.175561898
2018.10.31,115,4220,4440,7,3,301%20-%20%E4%B8%80%E8%88%AC,301%20-%20%E4%B8%80%E8%88%AC,301,301,0.105980207
2018.10.31,211,1000,1040,7,2,301%20-%20%E4%B8%80%E8%88%AC,202%20-%20U,301,202,0.430959832
2018.10.31,522,3360,1000,5,51,301%20-%20%E4%B8%80%E8%88%AC,304%20-%20E,301,304,0.830805934
2018.10.31,407,6020,7000,6,15,301%20-%20%E4%B8%80%E8%88%AC,306%20-%20I,301,306,0.226183898
2018.10.31,402,1040,5230,2,29,202%20-%20U,319%20-%20%E9%83%B5%E8%BC%AA%E6%8E%A5%E9%A7%81%E5%BA%A7,202,319,0.511010857
2018.10.31,147,0930,1250,12,7,301%20-%20%E4%B8%80%E8%88%AC,302%20-%20%E5%93%BA%E4%B9%B3%E5%BA%A7,301,302,0.476607424
2018.10.31,313,5200,6000,4,30,301%20-%20%E4%B8%80%E8%88%AC,319%20-%20%E9%83%B5%E8%BC%AA%E6%8E%A5%E9%A7%81%E5%BA%A7,301,319,0.711479896
2018.10.31,306,6000,4400,8,5,301%20-%20%E4%B8%80%E8%88%AC,306%20-%20I,301,306,0.808294352
2018.10.31,146,1000,0930,3,13,301%20-%20%E4%B8%80%E8%88%AC,302%20-%20%E5%93%BA%E4%B9%B3%E5%BA%A7,301,302,0.273614832
2018.10.31,223,1000,1040,1,29,301%20-%20%E4%B8%80%E8%88%AC,304%20-%20E,301,304,0.700840701
2018.10.31,246,1040,7000,8,27,202%20-%20U,304%20-%20E,202,304,0.351234435
2018.10.31,308,7000,6000,8,48,301%20-%20%E4%B8%80%E8%88%AC,301%20-%20%E4%B8%80%E8%88%AC,301,301,0.283333931
2018.10.31,110,1210,1000,7,13,301%20-%20%E4%B8%80%E8%88%AC,307%20-%20Z,301,307,0.004786779
2018.10.31,402,6000,5230,1,29,301%20-%20%E4%B8%80%E8%88%AC,102%20-%20B,301,103,0.398426753
2018.10.31,304,6000,4400,9,13,301%20-%20%E4%B8%80%E8%88%AC,102%20-%20B,301,103,0.924230525
2018.10.31,701,5210,6000,6,11,301%20-%20%E4%B8%80%E8%88%AC,307%20-%20Z,301,307,0.514910429
2018.10.31,123,1000,1210,10,11,301%20-%20%E4%B8%80%E8%88%AC,305%20-%20H,301,305,0.820418037
2018.10.31,113,0930,0960,8,24,301%20-%20%E4%B8%80%E8%88%AC,202%20-%20U,301,202,0.257553632
2018.10.31,113,3360,4220,4,3,301%20-%20%E4%B8%80%E8%88%AC,304%20-%20E,301,304,0.283742461
2018.10.31,204,1040,7000,3,25,301%20-%20%E4%B8%80%E8%88%AC,202%20-%20U,301,202,0.465274633
2018.10.31,252,1020,7000,4,32,301%20-%20%E4%B8%80%E8%88%AC,304%20-%20E,301,304,0.486798212
2018.10.31,112,2220,1020,4,6,301%20-%20%E4%B8%80%E8%88%AC,101%20-%20O,301,101,0.365532716
2018.10.31,134,5000,4400,3,48,301%20-%20%E4%B8%80%E8%88%AC,306%20-%20I,301,306,0.469525579
2018.10.31,122,5050,0900,1,41,301%20-%20%E4%B8%80%E8%88%AC,302%20-%20%E5%93%BA%E4%B9%B3%E5%BA%A7,301,302,0.109450296
2018.10.31,683,7000,7190,11,54,301%20-%20%E4%B8%80%E8%88%AC,301%20-%20%E4%B8%80%E8%88%AC,301,301,0.510254392
2018.10.31,280,3470,7000,8,24,301%20-%20%E4%B8%80%E8%88%AC,102%20-%20B,301,103,0.251491657
2018.10.31,642,6240,6000,1,28,301%20-%20%E4%B8%80%E8%88%AC,103%20-%20K,301,201,0.85272928
2018.10.31,510,1000,0930,1,28,301%20-%20%E4%B8%80%E8%88%AC,310%20-%20%E5%95%86%E5%8B%99,301,310,0.375756636
2018.10.31,218,1040,7000,5,40,307%20-%20Z,102%20-%20B,307,103,0.510390383
2018.10.31,138,5000,4220,10,15,301%20-%20%E4%B8%80%E8%88%AC,103%20-%20K,301,201,0.946452944
2018.10.31,278,2180,1000,8,35,301%20-%20%E4%B8%80%E8%88%AC,306%20-%20I,301,306,0.914896511
2018.10.31,138,1020,0930,2,47,301%20-%20%E4%B8%80%E8%88%AC,103%20-%20K,301,201,0.089699947
2018.10.31,150,5000,4400,2,20,301%20-%20%E4%B8%80%E8%88%AC,305%20-%20H,301,305,0.6254914
2018.10.31,150,4340,3300,10,10,301%20-%20%E4%B8%80%E8%88%AC,310%20-%20%E5%95%86%E5%8B%99,301,310,0.342752743
2018.10.31,122,5050,5000,6,3,301%20-%20%E4%B8%80%E8%88%AC,319%20-%20%E9%83%B5%E8%BC%AA%E6%8E%A5%E9%A7%81%E5%BA%A7,301,319,0.364964119
2018.10.31,510,5050,5000,4,15,301%20-%20%E4%B8%80%E8%88%AC,202%20-%20U,301,202,0.148946714
2018.10.31,111,0980,1000,1,5,301%20-%20%E4%B8%80%E8%88%AC,302%20-%20%E5%93%BA%E4%B9%B3%E5%BA%A7,301,302,0.765725418
2018.10.31,307,4340,6070,1,29,301%20-%20%E4%B8%80%E8%88%AC,301%20-%20%E4%B8%80%E8%88%AC,301,301,0.392722931
2018.10.31,371,3300,4400,3,13,301%20-%20%E4%B8%80%E8%88%AC,310%20-%20%E5%95%86%E5%8B%99,301,310,0.775168202
2018.10.31,425,6000,7190,5,14,301%20-%20%E4%B8%80%E8%88%AC,101%20-%20O,301,101,0.885372743
2018.10.31,116,3300,1000,3,13,301%20-%20%E4%B8%80%E8%88%AC,301%20-%20%E4%B8%80%E8%88%AC,301,301,0.37822546
2018.10.31,522,4400,3430,2,25,301%20-%20%E4%B8%80%E8%88%AC,202%20-%20U,301,202,0.040288919
2018.10.31,507,2230,3480,3,3,301%20-%20%E4%B8%80%E8%88%AC,202%20-%20U,301,202,0.64420601
2018.10.31,103,0930,1100,9,16,301%20-%20%E4%B8%80%E8%88%AC,303%20-%20%E8%A6%AA%E5%AD%90,301,303,0.693067062
2018.10.31,103,0930,5050,10,33,301%20-%20%E4%B8%80%E8%88%AC,310%20-%20%E5%95%86%E5%8B%99,301,310,0.064617328
2018.10.31,149,0900,5050,10,37,301%20-%20%E4%B8%80%E8%88%AC,302%20-%20%E5%93%BA%E4%B9%B3%E5%BA%A7,301,302,0.977317958
2018.10.31,432,7160,6000,5,19,301%20-%20%E4%B8%80%E8%88%AC,305%20-%20H,301,305,0.486387706
2018.10.31,438,1000,6000,5,23,301%20-%20%E4%B8%80%E8%88%AC,103%20-%20K,301,201,0.018585546
2018.10.31,142,4080,3300,2,47,301%20-%20%E4%B8%80%E8%88%AC,102%20-%20B,301,103,0.356227675
2018.10.31,271,7160,7190,2,3,301%20-%20%E4%B8%80%E8%88%AC,302%20-%20%E5%93%BA%E4%B9%B3%E5%BA%A7,301,302,0.258708591
2018.10.31,421,6000,1040,5,3,202%20-%20U,101%20-%20O,202,101,0.693179107
2018.10.31,506,1210,1000,4,50,301%20-%20%E4%B8%80%E8%88%AC,310%20-%20%E5%95%86%E5%8B%99,301,310,0.580255628
2018.10.31,408,1040,6000,2,26,202%20-%20U,310%20-%20%E5%95%86%E5%8B%99,202,310,0.020079132
2018.10.31,247,7000,7210,3,23,301%20-%20%E4%B8%80%E8%88%AC,310%20-%20%E5%95%86%E5%8B%99,301,310,0.692688986
2018.10.31,556,5050,7000,7,26,301%20-%20%E4%B8%80%E8%88%AC,101%20-%20O,301,101,0.188243041
2018.10.31,633,7000,1000,7,52,301%20-%20%E4%B8%80%E8%88%AC,305%20-%20H,301,305,0.777726967
2018.10.31,371,3300,3360,9,9,301%20-%20%E4%B8%80%E8%88%AC,303%20-%20%E8%A6%AA%E5%AD%90,301,303,0.595174929
2018.10.31,754,3420,3360,7,12,301%20-%20%E4%B8%80%E8%88%AC,306%20-%20I,301,306,0.85170219
2018.10.31,129,4080,4440,11,38,301%20-%20%E4%B8%80%E8%88%AC,202%20-%20U,301,202,0.940440768
2018.10.31,271,7000,1000,4,44,301%20-%20%E4%B8%80%E8%88%AC,202%20-%20U,301,202,0.051780656
2018.10.31,117,0900,1000,1,37,301%20-%20%E4%B8%80%E8%88%AC,101%20-%20O,301,101,0.124659753
2018.10.31,425,6000,7000,2,4,301%20-%20%E4%B8%80%E8%88%AC,301%20-%20%E4%B8%80%E8%88%AC,301,301,0.780157152
2018.10.31,134,5000,4400,10,41,301%20-%20%E4%B8%80%E8%88%AC,202%20-%20U,301,202,0.318113427
2018.10.31,113,1100,4080,7,36,301%20-%20%E4%B8%80%E8%88%AC,102%20-%20B,301,103,0.242438398
2018.10.31,138,5000,4220,7,51,301%20-%20%E4%B8%80%E8%88%AC,101%20-%20O,301,101,0.751583819
2018.10.31,147,1210,1250,1,6,301%20-%20%E4%B8%80%E8%88%AC,301%20-%20%E4%B8%80%E8%88%AC,301,301,0.513247927
2018.10.31,406,1040,6000,7,30,301%20-%20%E4%B8%80%E8%88%AC,102%20-%20B,301,103,0.047228937
2018.10.31,288,1000,7000,8,12,301%20-%20%E4%B8%80%E8%88%AC,103%20-%20K,301,201,0.122935769
2018.10.31,506,2230,1000,5,24,301%20-%20%E4%B8%80%E8%88%AC,302%20-%20%E5%93%BA%E4%B9%B3%E5%BA%A7,301,302,0.350794274
2018.10.31,134,5000,4220,8,33,301%20-%20%E4%B8%80%E8%88%AC,305%20-%20H,301,305,0.021675302
2018.10.31,561,4060,4400,4,13,301%20-%20%E4%B8%80%E8%88%AC,101%20-%20O,301,101,0.765264868
2018.10.31,304,6000,4340,7,25,301%20-%20%E4%B8%80%E8%88%AC,304%20-%20E,301,304,0.793389314
2018.10.31,513,0930,1100,5,33,301%20-%20%E4%B8%80%E8%88%AC,102%20-%20B,301,103,0.867800923
2018.10.31,603,7120,1040,6,26,301%20-%20%E4%B8%80%E8%88%AC,303%20-%20%E8%A6%AA%E5%AD%90,301,303,0.856512134
2018.10.31,102,3300,1020,3,13,301%20-%20%E4%B8%80%E8%88%AC,310%20-%20%E5%95%86%E5%8B%99,301,310,0.440113025
2018.10.31,147,0930,1250,2,30,202%20-%20U,306%20-%20I,202,306,0.013945428
2018.10.31,425,6000,1000,3,9,301%20-%20%E4%B8%80%E8%88%AC,304%20-%20E,301,304,0.610225221
2018.10.31,340,7000,6000,8,45,301%20-%20%E4%B8%80%E8%88%AC,303%20-%20%E8%A6%AA%E5%AD%90,301,303,0.927793411
2018.10.31,374,3360,3300,1,46,301%20-%20%E4%B8%80%E8%88%AC,302%20-%20%E5%93%BA%E4%B9%B3%E5%BA%A7,301,302,0.776303347
2018.10.31,116,3230,1000,10,34,301%20-%20%E4%B8%80%E8%88%AC,102%20-%20B,301,103,0.572786008
2018.10.31,633,1000,1040,2,16,301%20-%20%E4%B8%80%E8%88%AC,319%20-%20%E9%83%B5%E8%BC%AA%E6%8E%A5%E9%A7%81%E5%BA%A7,301,319,0.160122419
2018.10.31,408,1040,6000,3,26,202%20-%20U,303%20-%20%E8%A6%AA%E5%AD%90,202,303,0.142690345
2018.10.31,225,1000,1040,7,39,301%20-%20%E4%B8%80%E8%88%AC,304%20-%20E,301,304,0.670998182
2018.10.31,285,1210,3390,5,19,301%20-%20%E4%B8%80%E8%88%AC,306%20-%20I,301,306,0.438865229
2018.10.31,152,5000,0930,1,27,301%20-%20%E4%B8%80%E8%88%AC,303%20-%20%E8%A6%AA%E5%AD%90,301,303,0.981349776
2018.10.31,754,3390,3360,5,9,301%20-%20%E4%B8%80%E8%88%AC,202%20-%20U,301,202,0.235486299
2018.10.31,754,5000,4220,2,50,301%20-%20%E4%B8%80%E8%88%AC,301%20-%20%E4%B8%80%E8%88%AC,301,301,0.808158151
2018.10.31,425,6000,1040,4,24,307%20-%20Z,101%20-%20O,307,101,0.10813749
2018.10.31,441,7000,1000,1,10,301%20-%20%E4%B8%80%E8%88%AC,310%20-%20%E5%95%86%E5%8B%99,301,310,0.039810498
2018.10.31,684,7130,7000,11,57,301%20-%20%E4%B8%80%E8%88%AC,103%20-%20K,301,201,0.48654962
2018.10.31,431,6000,6130,4,39,301%20-%20%E4%B8%80%E8%88%AC,319%20-%20%E9%83%B5%E8%BC%AA%E6%8E%A5%E9%A7%81%E5%BA%A7,301,319,0.166345302
2018.10.31,706,6000,4340,8,49,202%20-%20U,305%20-%20H,202,305,0.605783402
2018.10.31,252,7000,6220,3,5,301%20-%20%E4%B8%80%E8%88%AC,310%20-%20%E5%95%86%E5%8B%99,301,310,0.324157375
2018.10.31,431,1000,1040,4,5,301%20-%20%E4%B8%80%E8%88%AC,319%20-%20%E9%83%B5%E8%BC%AA%E6%8E%A5%E9%A7%81%E5%BA%A7,301,319,0.353009289
2018.10.31,168,5000,3470,1,11,301%20-%20%E4%B8%80%E8%88%AC,301%20-%20%E4%B8%80%E8%88%AC,301,301,0.36896912
2018.10.31,139,3300,4220,8,47,301%20-%20%E4%B8%80%E8%88%AC,101%20-%20O,301,101,0.065990988
2018.10.31,103,4400,5050,7,12,301%20-%20%E4%B8%80%E8%88%AC,306%20-%20I,301,306,0.716999579
2018.10.31,135,3300,4120,1,7,301%20-%20%E4%B8%80%E8%88%AC,102%20-%20B,301,103,0.776138964
2018.10.31,439,6000,1040,8,33,301%20-%20%E4%B8%80%E8%88%AC,103%20-%20K,301,201,0.506150104
2018.10.31,425,1000,1040,5,8,301%20-%20%E4%B8%80%E8%88%AC,307%20-%20Z,301,307,0.107575097
2018.10.31,511,0930,5050,3,20,202%20-%20U,310%20-%20%E5%95%86%E5%8B%99,202,310,0.714674902
2018.10.31,141,3300,4400,10,43,301%20-%20%E4%B8%80%E8%88%AC,101%20-%20O,301,101,0.395412533
2018.10.31,561,7000,7030,5,6,301%20-%20%E4%B8%80%E8%88%AC,101%20-%20O,301,101,0.410927247
2018.10.31,142,3390,1000,1,38,301%20-%20%E4%B8%80%E8%88%AC,103%20-%20K,301,201,0.757150371
2018.10.31,642,7130,7030,7,8,301%20-%20%E4%B8%80%E8%88%AC,305%20-%20H,301,305,0.27638204
2018.10.31,150,5000,4340,4,15,301%20-%20%E4%B8%80%E8%88%AC,319%20-%20%E9%83%B5%E8%BC%AA%E6%8E%A5%E9%A7%81%E5%BA%A7,301,319,0.186134682
2018.10.31,432,7000,6000,6,1,301%20-%20%E4%B8%80%E8%88%AC,303%20-%20%E8%A6%AA%E5%AD%90,301,303,0.130126235
2018.10.31,129,4400,5050,9,42,301%20-%20%E4%B8%80%E8%88%AC,103%20-%20K,301,201,0.736759558
2018.10.31,303,6130,7000,9,40,301%20-%20%E4%B8%80%E8%88%AC,304%20-%20E,301,304,0.484908285
2018.10.31,624,1040,7000,4,27,202%20-%20U,101%20-%20O,202,101,0.172961363
2018.10.31,248,1040,0990,3,29,301%20-%20%E4%B8%80%E8%88%AC,202%20-%20U,301,202,0.151755709
2018.10.31,521,1020,2200,6,30,301%20-%20%E4%B8%80%E8%88%AC,305%20-%20H,301,305,0.059560531
2018.10.31,308,7000,4340,3,27,202%20-%20U,304%20-%20E,202,304,0.54259933
2018.10.31,139,4400,5050,2,5,301%20-%20%E4%B8%80%E8%88%AC,102%20-%20B,301,103,0.047725152
2018.10.31,212,1040,1000,6,47,301%20-%20%E4%B8%80%E8%88%AC,202%20-%20U,301,202,0.01257042
2018.10.31,118,5050,0930,10,14,301%20-%20%E4%B8%80%E8%88%AC,306%20-%20I,301,306,0.111028289
2018.10.31,507,1250,4080,1,17,301%20-%20%E4%B8%80%E8%88%AC,307%20-%20Z,301,307,0.642465469
2018.10.31,125,3300,4220,8,13,301%20-%20%E4%B8%80%E8%88%AC,303%20-%20%E8%A6%AA%E5%AD%90,301,303,0.293569366
2018.10.31,521,2170,3390,7,6,301%20-%20%E4%B8%80%E8%88%AC,301%20-%20%E4%B8%80%E8%88%AC,301,301,0.861568225
2018.10.31,123,0930,1100,4,9,301%20-%20%E4%B8%80%E8%88%AC,306%20-%20I,301,306,0.950725965
2018.10.31,683,7000,7190,10,36,301%20-%20%E4%B8%80%E8%88%AC,303%20-%20%E8%A6%AA%E5%AD%90,301,303,0.94367311
2018.10.31,225,1000,1040,7,46,301%20-%20%E4%B8%80%E8%88%AC,304%20-%20E,301,304,0.518084752
2018.10.31,112,3470,0990,7,23,301%20-%20%E4%B8%80%E8%88%AC,202%20-%20U,301,202,0.073543491
2018.10.31,238,1040,1000,2,50,301%20-%20%E4%B8%80%E8%88%AC,306%20-%20I,301,306,0.612302734
2018.10.31,783,4340,5120,2,14,301%20-%20%E4%B8%80%E8%88%AC,101%20-%20O,301,101,0.252946792
2018.10.31,304,6000,4340,5,21,301%20-%20%E4%B8%80%E8%88%AC,310%20-%20%E5%95%86%E5%8B%99,301,310,0.862337524
2018.10.31,642,7190,7000,4,1,301%20-%20%E4%B8%80%E8%88%AC,304%20-%20E,301,304,0.800568563
2018.10.31,116,1020,0930,1,4,301%20-%20%E4%B8%80%E8%88%AC,303%20-%20%E8%A6%AA%E5%AD%90,301,303,0.577174103
2018.10.31,425,6000,7000,2,52,301%20-%20%E4%B8%80%E8%88%AC,307%20-%20Z,301,307,0.861330751
2018.10.31,229,1000,1040,6,10,301%20-%20%E4%B8%80%E8%88%AC,303%20-%20%E8%A6%AA%E5%AD%90,301,303,0.049899223
2018.10.31,113,0930,3300,5,31,301%20-%20%E4%B8%80%E8%88%AC,304%20-%20E,301,304,0.861443948
2018.10.31,417,1000,1040,7,45,301%20-%20%E4%B8%80%E8%88%AC,305%20-%20H,301,305,0.355391453
2018.10.31,507,1020,2220,2,8,301%20-%20%E4%B8%80%E8%88%AC,319%20-%20%E9%83%B5%E8%BC%AA%E6%8E%A5%E9%A7%81%E5%BA%A7,301,319,0.326316195
2018.10.31,128,5050,0900,6,37,301%20-%20%E4%B8%80%E8%88%AC,306%20-%20I,301,306,0.925385404
2018.10.31,688,0930,7000,5,24,202%20-%20U,102%20-%20B,202,103,0.27293729
2018.10.31,156,3470,3300,5,13,301%20-%20%E4%B8%80%E8%88%AC,319%20-%20%E9%83%B5%E8%BC%AA%E6%8E%A5%E9%A7%81%E5%BA%A7,301,319,0.398068282
2018.10.31,222,1000,7000,6,23,101%20-%20O,103%20-%20K,101,201,0.858282572
2018.10.31,135,0930,5000,3,24,301%20-%20%E4%B8%80%E8%88%AC,307%20-%20Z,301,307,0.849424128
2018.10.31,425,1000,1040,6,35,301%20-%20%E4%B8%80%E8%88%AC,302%20-%20%E5%93%BA%E4%B9%B3%E5%BA%A7,301,302,0.725702583
2018.10.31,229,6240,7000,4,4,301%20-%20%E4%B8%80%E8%88%AC,304%20-%20E,301,304,0.056511114
2018.10.31,754,5210,4340,7,49,301%20-%20%E4%B8%80%E8%88%AC,303%20-%20%E8%A6%AA%E5%AD%90,301,303,0.317332212
2018.10.31,111,0980,1000,5,25,301%20-%20%E4%B8%80%E8%88%AC,307%20-%20Z,301,307,0.877578419
2018.10.31,217,1000,1040,5,8,301%20-%20%E4%B8%80%E8%88%AC,101%20-%20O,301,101,0.32182744
2018.10.31,304,6000,5230,4,7,301%20-%20%E4%B8%80%E8%88%AC,305%20-%20H,301,305,0.429797279
2018.10.31,232,1040,1000,8,11,301%20-%20%E4%B8%80%E8%88%AC,101%20-%20O,301,101,0.039367526
2018.10.31,684,7190,7000,5,24,301%20-%20%E4%B8%80%E8%88%AC,303%20-%20%E8%A6%AA%E5%AD%90,301,303,0.722949463
2018.10.31,501,3360,4220,2,2,301%20-%20%E4%B8%80%E8%88%AC,102%20-%20B,301,103,0.526290321
2018.10.31,51,4220,5120,1,17,301%20-%20%E4%B8%80%E8%88%AC,303%20-%20%E8%A6%AA%E5%AD%90,301,303,0.808331662
2018.10.31,319,4340,5050,4,24,301%20-%20%E4%B8%80%E8%88%AC,306%20-%20I,301,306,0.681906676
2018.10.31,252,1040,1000,8,16,301%20-%20%E4%B8%80%E8%88%AC,310%20-%20%E5%95%86%E5%8B%99,301,310,0.182895483
2018.10.31,317,4340,4400,2,48,301%20-%20%E4%B8%80%E8%88%AC,302%20-%20%E5%93%BA%E4%B9%B3%E5%BA%A7,301,302,0.262275564
2018.10.31,149,0900,5050,3,36,301%20-%20%E4%B8%80%E8%88%AC,303%20-%20%E8%A6%AA%E5%AD%90,301,303,0.169280284
2018.10.31,288,3300,1020,4,1,301%20-%20%E4%B8%80%E8%88%AC,301%20-%20%E4%B8%80%E8%88%AC,301,301,0.898483073
2018.10.31,203,7000,1040,4,19,202%20-%20U,305%20-%20H,202,305,0.357398834
2018.10.31,144,3300,1040,6,45,301%20-%20%E4%B8%80%E8%88%AC,103%20-%20K,301,201,0.482623216
2018.10.31,282,3300,7000,5,17,301%20-%20%E4%B8%80%E8%88%AC,303%20-%20%E8%A6%AA%E5%AD%90,301,303,0.376454321
2018.10.31,212,1040,1000,11,38,301%20-%20%E4%B8%80%E8%88%AC,305%20-%20H,301,305,0.624009165
2018.10.31,407,7130,7230,6,17,301%20-%20%E4%B8%80%E8%88%AC,102%20-%20B,301,103,0.724022737
2018.10.31,117,0900,1020,9,14,301%20-%20%E4%B8%80%E8%88%AC,103%20-%20K,301,201,0.728473356
2018.10.31,333,4340,4400,2,11,301%20-%20%E4%B8%80%E8%88%AC,102%20-%20B,301,103,0.904960229
2018.10.31,113,1100,4220,4,38,301%20-%20%E4%B8%80%E8%88%AC,202%20-%20U,301,202,0.06318456
2018.10.31,116,4220,0930,4,30,301%20-%20%E4%B8%80%E8%88%AC,202%20-%20U,301,202,0.742957339
2018.10.31,105,1080,4080,6,43,301%20-%20%E4%B8%80%E8%88%AC,103%20-%20K,301,201,0.194552656
2018.10.31,128,5050,0900,7,9,301%20-%20%E4%B8%80%E8%88%AC,302%20-%20%E5%93%BA%E4%B9%B3%E5%BA%A7,301,302,0.059701219
2018.10.31,684,7190,7000,11,41,301%20-%20%E4%B8%80%E8%88%AC,303%20-%20%E8%A6%AA%E5%AD%90,301,303,0.072477624
2018.10.31,412,1000,7000,6,47,301%20-%20%E4%B8%80%E8%88%AC,301%20-%20%E4%B8%80%E8%88%AC,301,301,0.726600885
2018.10.31,129,1000,3230,8,9,301%20-%20%E4%B8%80%E8%88%AC,307%20-%20Z,301,307,0.267629865
2018.10.31,51,4080,6000,6,42,301%20-%20%E4%B8%80%E8%88%AC,306%20-%20I,301,306,0.968914858
2018.10.31,133,0980,5050,6,7,301%20-%20%E4%B8%80%E8%88%AC,304%20-%20E,301,304,0.630769115
2018.10.31,507,4200,5050,6,7,301%20-%20%E4%B8%80%E8%88%AC,307%20-%20Z,301,307,0.131708649
2018.10.31,303,4340,4400,8,13,301%20-%20%E4%B8%80%E8%88%AC,319%20-%20%E9%83%B5%E8%BC%AA%E6%8E%A5%E9%A7%81%E5%BA%A7,301,319,0.942204333
2018.10.31,271,7000,1080,6,29,301%20-%20%E4%B8%80%E8%88%AC,319%20-%20%E9%83%B5%E8%BC%AA%E6%8E%A5%E9%A7%81%E5%BA%A7,301,319,0.178496271
2018.10.31,412,1040,1000,4,8,301%20-%20%E4%B8%80%E8%88%AC,101%20-%20O,301,101,0.665849585
2018.10.31,704,6000,4340,1,28,301%20-%20%E4%B8%80%E8%88%AC,319%20-%20%E9%83%B5%E8%BC%AA%E6%8E%A5%E9%A7%81%E5%BA%A7,301,319,0.76463006
2018.10.31,147,0930,1250,7,33,301%20-%20%E4%B8%80%E8%88%AC,310%20-%20%E5%95%86%E5%8B%99,301,310,0.56838228
2018.10.31,232,7000,6220,5,30,301%20-%20%E4%B8%80%E8%88%AC,301%20-%20%E4%B8%80%E8%88%AC,301,301,0.87561027
2018.10.31,118,5050,0930,1,6,301%20-%20%E4%B8%80%E8%88%AC,301%20-%20%E4%B8%80%E8%88%AC,301,301,0.67468197
2018.10.31,304,4440,4340,2,11,301%20-%20%E4%B8%80%E8%88%AC,306%20-%20I,301,306,0.58294675
2018.10.31,562,5050,7000,5,19,301%20-%20%E4%B8%80%E8%88%AC,102%20-%20B,301,103,0.441739552
2018.10.31,116,1000,0930,7,34,101%20-%20O,102%20-%20B,101,103,0.099051696
2018.10.31,401,6000,7000,4,37,301%20-%20%E4%B8%80%E8%88%AC,301%20-%20%E4%B8%80%E8%88%AC,301,301,0.280852942
2018.10.31,304,6000,4400,2,15,301%20-%20%E4%B8%80%E8%88%AC,102%20-%20B,301,103,0.316398048
2018.10.31,511,4440,5050,7,17,301%20-%20%E4%B8%80%E8%88%AC,307%20-%20Z,301,307,0.080090563
2018.10.31,141,3300,4220,4,45,301%20-%20%E4%B8%80%E8%88%AC,310%20-%20%E5%95%86%E5%8B%99,301,310,0.47170157
2018.10.31,136,1000,0980,5,52,301%20-%20%E4%B8%80%E8%88%AC,301%20-%20%E4%B8%80%E8%88%AC,301,301,0.474215992
2018.10.31,207,6220,7000,6,46,301%20-%20%E4%B8%80%E8%88%AC,310%20-%20%E5%95%86%E5%8B%99,301,310,0.413229223
2018.10.31,144,4400,3470,11,24,301%20-%20%E4%B8%80%E8%88%AC,202%20-%20U,301,202,0.813443169
2018.10.31,561,7000,7030,2,7,301%20-%20%E4%B8%80%E8%88%AC,310%20-%20%E5%95%86%E5%8B%99,301,310,0.145926334
2018.10.31,701,4340,6000,7,30,301%20-%20%E4%B8%80%E8%88%AC,307%20-%20Z,301,307,0.36629335
2018.10.31,602,7000,6000,3,40,301%20-%20%E4%B8%80%E8%88%AC,102%20-%20B,301,103,0.985383212
2018.10.31,138,5000,4340,3,14,301%20-%20%E4%B8%80%E8%88%AC,306%20-%20I,301,306,0.780598587
2018.10.31,142,5050,4400,9,51,301%20-%20%E4%B8%80%E8%88%AC,202%20-%20U,301,202,0.232119349
2018.10.31,511,0930,1080,2,33,301%20-%20%E4%B8%80%E8%88%AC,305%20-%20H,301,305,0.953209765
2018.10.31,165,4400,5050,7,41,301%20-%20%E4%B8%80%E8%88%AC,307%20-%20Z,301,307,0.719001601
2018.10.31,313,5000,5210,4,13,301%20-%20%E4%B8%80%E8%88%AC,305%20-%20H,301,305,0.971105725
2018.10.31,653,1210,3360,3,5,301%20-%20%E4%B8%80%E8%88%AC,202%20-%20U,301,202,0.083508802
2018.10.31,683,7000,7030,10,58,301%20-%20%E4%B8%80%E8%88%AC,304%20-%20E,301,304,0.347831768
2018.10.31,115,1080,1250,7,13,301%20-%20%E4%B8%80%E8%88%AC,101%20-%20O,301,101,0.662222429
2018.10.31,511,4050,4220,8,6,301%20-%20%E4%B8%80%E8%88%AC,102%20-%20B,301,103,0.044437611
2018.10.31,129,1100,3300,10,21,301%20-%20%E4%B8%80%E8%88%AC,103%20-%20K,301,201,0.458045313
2018.10.31,102,3470,0930,2,32,202%20-%20U,301%20-%20%E4%B8%80%E8%88%AC,202,301,0.502897155
2018.10.31,410,1040,1000,3,16,301%20-%20%E4%B8%80%E8%88%AC,307%20-%20Z,301,307,0.450652729
2018.10.31,511,4310,5050,2,25,301%20-%20%E4%B8%80%E8%88%AC,310%20-%20%E5%95%86%E5%8B%99,301,310,0.97753891
2018.10.31,556,5050,7000,4,51,202%20-%20U,103%20-%20K,202,201,0.141280392
2018.10.31,302,5230,5090,5,12,301%20-%20%E4%B8%80%E8%88%AC,307%20-%20Z,301,307,0.4255395
2018.10.31,684,7030,7000,10,7,301%20-%20%E4%B8%80%E8%88%AC,202%20-%20U,301,202,0.2744353
2018.10.31,71,7000,1000,6,46,301%20-%20%E4%B8%80%E8%88%AC,102%20-%20B,301,103,0.06236165
2018.10.31,145,0930,1000,5,12,301%20-%20%E4%B8%80%E8%88%AC,304%20-%20E,301,304,0.760043227
2018.10.31,181,7000,5050,5,2,301%20-%20%E4%B8%80%E8%88%AC,103%20-%20K,301,201,0.8188033
2018.10.31,222,1040,1000,5,36,301%20-%20%E4%B8%80%E8%88%AC,304%20-%20E,301,304,0.193390994
2018.10.31,225,1020,1040,3,36,301%20-%20%E4%B8%80%E8%88%AC,103%20-%20K,301,201,0.372387015
2018.10.31,426,1040,1000,4,8,301%20-%20%E4%B8%80%E8%88%AC,102%20-%20B,301,103,0.491821951
2018.10.31,653,6110,7160,5,9,301%20-%20%E4%B8%80%E8%88%AC,202%20-%20U,301,202,0.831228908
2018.10.31,605,7000,7060,4,9,301%20-%20%E4%B8%80%E8%88%AC,307%20-%20Z,301,307,0.514318709
2018.10.31,167,4080,4400,5,46,301%20-%20%E4%B8%80%E8%88%AC,310%20-%20%E5%95%86%E5%8B%99,301,310,0.892639436
2018.10.31,116,3360,0930,5,29,301%20-%20%E4%B8%80%E8%88%AC,319%20-%20%E9%83%B5%E8%BC%AA%E6%8E%A5%E9%A7%81%E5%BA%A7,301,319,0.994107911
2018.10.31,510,5050,3470,4,41,301%20-%20%E4%B8%80%E8%88%AC,103%20-%20K,301,201,0.537986355
2018.10.31,141,0930,5050,12,12,301%20-%20%E4%B8%80%E8%88%AC,301%20-%20%E4%B8%80%E8%88%AC,301,301,0.637984908
2018.10.31,139,4220,5050,4,44,301%20-%20%E4%B8%80%E8%88%AC,102%20-%20B,301,103,0.51241757
2018.10.31,371,4220,6000,1,41,301%20-%20%E4%B8%80%E8%88%AC,102%20-%20B,301,103,0.692752968
2018.10.31,422,6080,6000,1,27,301%20-%20%E4%B8%80%E8%88%AC,303%20-%20%E8%A6%AA%E5%AD%90,301,303,0.95411706
2018.10.31,123,1080,3390,5,20,301%20-%20%E4%B8%80%E8%88%AC,303%20-%20%E8%A6%AA%E5%AD%90,301,303,0.502068935
2018.10.31,506,4220,4080,8,3,301%20-%20%E4%B8%80%E8%88%AC,305%20-%20H,301,305,0.442747413
2018.10.31,117,1210,3470,6,4,301%20-%20%E4%B8%80%E8%88%AC,319%20-%20%E9%83%B5%E8%BC%AA%E6%8E%A5%E9%A7%81%E5%BA%A7,301,319,0.15760086
2018.10.31,374,4400,3360,2,52,301%20-%20%E4%B8%80%E8%88%AC,305%20-%20H,301,305,0.002718844
2018.10.31,141,1250,4220,3,24,301%20-%20%E4%B8%80%E8%88%AC,304%20-%20E,301,304,0.427883792
2018.10.31,134,4400,3300,2,5,301%20-%20%E4%B8%80%E8%88%AC,302%20-%20%E5%93%BA%E4%B9%B3%E5%BA%A7,301,302,0.171906489
2018.10.31,115,0900,1100,2,48,301%20-%20%E4%B8%80%E8%88%AC,303%20-%20%E8%A6%AA%E5%AD%90,301,303,0.427110083
2018.10.31,402,1000,7190,6,46,301%20-%20%E4%B8%80%E8%88%AC,101%20-%20O,301,101,0.491450561
2018.10.31,181,7000,5050,2,26,301%20-%20%E4%B8%80%E8%88%AC,305%20-%20H,301,305,0.811399011
2018.10.31,168,3470,3360,1,8,301%20-%20%E4%B8%80%E8%88%AC,103%20-%20K,301,201,0.05802351
2018.10.31,313,4340,4400,2,52,301%20-%20%E4%B8%80%E8%88%AC,301%20-%20%E4%B8%80%E8%88%AC,301,301,0.888874735
2018.10.31,114,3230,1020,11,39,301%20-%20%E4%B8%80%E8%88%AC,307%20-%20Z,301,307,0.61594724
2018.10.31,507,2230,3470,8,1,301%20-%20%E4%B8%80%E8%88%AC,310%20-%20%E5%95%86%E5%8B%99,301,310,0.763910366
2018.10.31,118,5050,0930,2,22,301%20-%20%E4%B8%80%E8%88%AC,202%20-%20U,301,202,0.079997736
2018.10.31,751,4440,6000,7,36,301%20-%20%E4%B8%80%E8%88%AC,103%20-%20K,301,201,0.191221385
2018.10.31,114,5050,4220,1,9,301%20-%20%E4%B8%80%E8%88%AC,319%20-%20%E9%83%B5%E8%BC%AA%E6%8E%A5%E9%A7%81%E5%BA%A7,301,319,0.011884066
2018.10.31,417,1000,1040,6,31,101%20-%20O,301%20-%20%E4%B8%80%E8%88%AC,101,301,0.554725943
2018.10.31,524,5050,0930,7,9,301%20-%20%E4%B8%80%E8%88%AC,102%20-%20B,301,103,0.797039957
2018.10.31,333,4340,6000,1,27,301%20-%20%E4%B8%80%E8%88%AC,304%20-%20E,301,304,0.620727247
2018.10.31,311,4340,6000,1,35,301%20-%20%E4%B8%80%E8%88%AC,301%20-%20%E4%B8%80%E8%88%AC,301,301,0.934592847
2018.10.31,136,5000,4220,8,17,301%20-%20%E4%B8%80%E8%88%AC,307%20-%20Z,301,307,0.002918331
2018.10.31,136,5000,1000,3,32,301%20-%20%E4%B8%80%E8%88%AC,305%20-%20H,301,305,0.671195454
2018.10.31,144,4400,4220,11,19,301%20-%20%E4%B8%80%E8%88%AC,303%20-%20%E8%A6%AA%E5%AD%90,301,303,0.876249292